arm	agent	iter	status	metric	kept	cost_propose	cost_compile	cumulative_domain
python	0	1	COMPILE_FAIL	0.000000	False	0.116085	0.000000	7.3401
python	0	2	COMPILE_FAIL	0.000000	False	0.116265	0.000000	7.4564
python	0	3	COMPILE_FAIL	0.000000	False	0.116610	0.000000	7.5730
python	0	4	COMPILE_FAIL	0.000000	False	0.116955	0.000000	7.6899
python	0	5	COMPILE_FAIL	0.000000	False	0.117120	0.000000	7.8071
python	0	6	COMPILE_FAIL	0.000000	False	0.117120	0.000000	7.9242
python	1	1	COMPILE_FAIL	0.000000	False	0.116085	0.000000	8.0403
python	1	2	COMPILE_FAIL	0.000000	False	0.116265	0.000000	8.1565
python	1	3	COMPILE_FAIL	0.000000	False	0.116610	0.000000	8.2731
python	1	4	COMPILE_FAIL	0.000000	False	0.116955	0.000000	8.3901
python	1	5	COMPILE_FAIL	0.000000	False	0.117120	0.000000	8.5072
python	1	6	COMPILE_FAIL	0.000000	False	0.117120	0.000000	8.6243
python	2	1	COMPILE_FAIL	0.000000	False	0.116085	0.000000	8.7404
python	2	2	COMPILE_FAIL	0.000000	False	0.116265	0.000000	8.8567
python	2	3	COMPILE_FAIL	0.000000	False	0.116610	0.000000	8.9733
python	2	4	COMPILE_FAIL	0.000000	False	0.116955	0.000000	9.0903
python	2	5	COMPILE_FAIL	0.000000	False	0.117120	0.000000	9.2074
python	2	6	COMPILE_FAIL	0.000000	False	0.117120	0.000000	9.3245
python	3	1	COMPILE_FAIL	0.000000	False	0.116085	0.000000	9.4406
python	3	2	COMPILE_FAIL	0.000000	False	0.116265	0.000000	9.5568
python	3	3	COMPILE_FAIL	0.000000	False	0.116610	0.000000	9.6735
python	3	4	COMPILE_FAIL	0.000000	False	0.116955	0.000000	9.7904
python	3	5	COMPILE_FAIL	0.000000	False	0.117120	0.000000	9.9075
python	3	6	COMPILE_FAIL	0.000000	False	0.117120	0.000000	10.0247
python	4	1	COMPILE_FAIL	0.000000	False	0.116085	0.000000	10.1407
python	4	2	COMPILE_FAIL	0.000000	False	0.116265	0.000000	10.2570
python	4	3	COMPILE_FAIL	0.000000	False	0.116610	0.000000	10.3736
python	4	4	COMPILE_FAIL	0.000000	False	0.116955	0.000000	10.4906
python	4	5	COMPILE_FAIL	0.000000	False	0.117120	0.000000	10.6077
python	4	6	COMPILE_FAIL	0.000000	False	0.117120	0.000000	10.7248
